,pm2.5,DEWP,TEMP,PRES,Iws,Is,Ir
pm2.5,1.0,0.17142327190847947,-0.0905340024327581,-0.04728230808761344,-0.24778444916507986,0.019265576051499308,-0.05136870554128917
DEWP,0.17142327190847947,1.0,0.8246330891788481,-0.7783460741724834,-0.2963986697982671,-0.03441036907099287,0.12508952359948264
TEMP,-0.0905340024327581,0.8246330891788481,1.0,-0.8266903532879377,-0.15462275990312346,-0.09260096937989397,0.04912146576120265
PRES,-0.04728230808761344,-0.7783460741724834,-0.8266903532879377,1.0,0.18535471310443757,0.0690279543604005,-0.07984317246972884
Iws,-0.24778444916507986,-0.2963986697982671,-0.15462275990312346,0.18535471310443757,1.0,0.021882852868296908,-0.010122053949487234
Is,0.019265576051499308,-0.03441036907099287,-0.09260096937989397,0.0690279543604005,0.021882852868296908,1.0,-0.009547624806140216
Ir,-0.05136870554128917,0.12508952359948264,0.04912146576120265,-0.07984317246972884,-0.010122053949487234,-0.009547624806140216,1.0
